<?xml version="1.0" encoding="UTF-8" ?>
<CustomLabels xmlns="http://soap.sforce.com/2006/04/metadata">
    <labels>
        <fullName>recordDeletedSuccessMessage</fullName>
        <language>en_US</language>
        <protected>false</protected>
        <shortDescription>recordDeletedSuccessMessage</shortDescription>
        <value>Record deleted!</value>
    </labels>
    <labels>
        <fullName>recordUpdatedSuccessMessage</fullName>
        <language>en_US</language>
        <protected>false</protected>
        <shortDescription>recordUpdatedSuccessMessage</shortDescription>
        <value>Record Updated!</value>
    </labels>
</CustomLabels>
