<?xml version="1.0" encoding="UTF-8" ?>
<LightningComponentBundle xmlns="http://soap.sforce.com/2006/04/metadata">
  <apiVersion>51.0</apiVersion>
  <isExposed>true</isExposed>
  <masterLabel>sfdc-lwc-lightning-datatable</masterLabel>
  <targets>
    <target>lightning__RecordPage</target>
    <target>lightning__AppPage</target>
    <target>lightning__HomePage</target>
    <target>lightningCommunity__Page</target>
    <target>lightningCommunity__Default</target>
    <target>lightning__FlowScreen</target>
  </targets>
  <!-- Configuring the design attributes -->
  <targetConfigs>
    <targetConfig
            targets="lightning__RecordPage, lightning__HomePage, lightning__AppPage, lightningCommunity__Default, lightning__FlowScreen"
        >
      <property name="iconName" type="String" label="Enter Icon Name" />
      <property
                name="title"
                type="String"
                required="true"
                label="Enter Title"
                default="LWC Table"
            />
      <property
                name="objectName"
                type="String"
                required="true"
                label="Enter Object API Name"
                default="Contact"
            />
      <property
                name="fields"
                type="String"
                required="true"
                label="Enter Field API Name by comma seprated"
                default="FirstName,LastName,AccountId,CreatedDate,Account.Name"
            />
      <property
                name="predefinedCol"
                type="String"
                label="Enter Customized Field JSON ( This is Mandatory for Related Field )"
                default='{"Account.Name":{"label":"Account Name","type":"url","typeAttributes":{"label": { "fieldName": "Account.Name" ,"recId": "AccountId"}}},"AccountId":{"label":"Ac Id","type":"Id"}}'
            />
      <property
                name="relatedFieldAPI"
                type="String"
                label="Enter Related field API Name"
            />
      <property
                name="formulaImageFields"
                type="String"
                default='["FormulaField__c"]'
                label="Formula Image Field API Names"
             />
      <property
                name="showCheckboxes"
                type="Boolean"
                default="true"
                label="Hide/Unhide checkbox column"
            />
      <property name="whereClause" type="String" label="Enter WHERE clause" />
      <property name="orderBy" type="String" label="Order by" />
      <property name="limit" type="Integer" label="Enter limit" default="10"/>
      <property
                name="isCounterDisplayed"
                type="Boolean"
                label="Show the number of record"
            />
      <property
                name="showViewAll"
                type="Boolean"
                label="Show the view all / collapse buttons"
            />
      <property
                name="hasPagination"
                type="Boolean"
                label="Enable/Disable pagination"
                default="false"
            />
      <property
                name="actionButtons"
                type="String"
                default='[{"name": "New","label": "New","variant": "neutral"}]'
                label="Enter Action Buttons JSON"
            />
      <property
                name="hasSearchBar"
                type="Boolean"
                label="Enable/Disable search"
                default="true"
            />
    </targetConfig>
  </targetConfigs>
</LightningComponentBundle>
